{
  "environment": {
    "python": "3.12.3",
    "implementation": "CPython",
    "system": "Linux 6.8.0-52-generic",
    "machine": "x86_64",
    "processor": "x86_64",
    "git_commit": "bccff00"
  },
  "cpu_pinned": true,
  "config": {
    "count": 1000000,
    "warmup": 10000,
    "prefill": 20000
  },
  "timer_overhead_ns": {
    "count": 100000.0,
    "mean": 54.64703,
    "p50": 50.0,
    "p90": 60.0,
    "p99": 61.0,
    "p99.9": 81.0,
    "max": 8416.0
  },
  "backends": {
    "heap": {
      "add_order": {
        "latency_ns": {
          "count": 1000000.0,
          "mean": 234.450659,
          "p50": 221.0,
          "p90": 251.0,
          "p99": 401.0,
          "p99.9": 1894.0,
          "max": 30896.0
        },
        "throughput_ops_s": 5064531.269856919
      },
      "pop_best_order": {
        "latency_ns": {
          "count": 1000000.0,
          "mean": 667.588225,
          "p50": 602.0,
          "p90": 912.0,
          "p99": 1162.0,
          "p99.9": 2054.0,
          "max": 125107.0
        },
        "throughput_ops_s": 1607185.2521068314
      },
      "get_best_price": {
        "latency_ns": {
          "count": 1000000.0,
          "mean": 234.723517,
          "p50": 221.0,
          "p90": 251.0,
          "p99": 391.0,
          "p99.9": 451.0,
          "max": 128803.0
        },
        "throughput_ops_s": 5131243.561187298
      },
      "get_top_levels_10": {
        "latency_ns": {
          "count": 1000000.0,
          "mean": 3979.375783,
          "p50": 3917.0,
          "p90": 3987.0,
          "p99": 6863.0,
          "p99.9": 9818.0,
          "max": 128393.0
        },
        "throughput_ops_s": 256473.3844402905
      }
    },
    "sorted_dict": {
      "add_order": {
        "latency_ns": {
          "count": 1000000.0,
          "mean": 255.16971,
          "p50": 240.0,
          "p90": 281.0,
          "p99": 471.0,
          "p99.9": 1723.0,
          "max": 21599.0
        },
        "throughput_ops_s": 4648387.055013684
      },
      "pop_best_order": {
        "latency_ns": {
          "count": 1000000.0,
          "mean": 764.574017,
          "p50": 692.0,
          "p90": 1012.0,
          "p99": 1272.0,
          "p99.9": 3106.0500000081956,
          "max": 131969.0
        },
        "throughput_ops_s": 1429991.83946557
      },
      "get_best_price": {
        "latency_ns": {
          "count": 1000000.0,
          "mean": 331.06389,
          "p50": 321.0,
          "p90": 351.0,
          "p99": 470.0,
          "p99.9": 662.0,
          "max": 20237.0
        },
        "throughput_ops_s": 3493786.332451812
      },
      "get_top_levels_10": {
        "latency_ns": {
          "count": 1000000.0,
          "mean": 1010.621167,
          "p50": 1001.0,
          "p90": 1042.0,
          "p99": 1412.0,
          "p99.9": 3256.0190000031143,
          "max": 135084.0
        },
        "throughput_ops_s": 1049991.8221386932
      }
    }
  }
}